Year,State,Pounds,Metric Tons,Dollars,Collection
2003,HAWAII,"117,833",53,,Recreational
2004,HAWAII,"143,325",65,,Recreational
2005,HAWAII,"241,887",110,,Recreational
2006,HAWAII,"88,998",40,,Recreational
2007,HAWAII,"120,472",55,,Recreational
2008,HAWAII,,,,Recreational
2009,HAWAII,"9,892",4,,Recreational
2010,HAWAII,"44,313",20,,Recreational
2011,HAWAII,"26,941",12,,Recreational
2012,HAWAII,"145,913",66,,Recreational
2013,HAWAII,"17,159",8,,Recreational
2014,HAWAII,"118,642",54,,Recreational
2015,HAWAII,"230,136",104,,Recreational
2016,HAWAII,"45,532",21,,Recreational
2017,HAWAII,"260,565",118,,Recreational
2018,HAWAII,"180,100",82,,Recreational
2019,HAWAII,"54,747",25,,Recreational
2020,HAWAII,"265,961",121,,Recreational
2021,HAWAII,"85,229",39,,Recreational
2022,HAWAII,"128,305",58,,Recreational
2023,HAWAII,"230,110",104,,Recreational
2024,HAWAII,"268,212",122,,Recreational
